Datetime,Water Level (m)
2025-08-06 06:00:00,0.28686845
2025-08-06 07:00:00,0.23527558
2025-08-06 08:00:00,0.23897527
2025-08-06 09:00:00,0.29355946
2025-08-06 10:00:00,0.37292364
2025-08-06 11:00:00,0.45628026
2025-08-06 12:00:00,0.5205444
2025-08-06 13:00:00,0.54252815
2025-08-06 14:00:00,0.50597215
2025-08-06 15:00:00,0.40893337
2025-08-06 16:00:00,0.28799137
2025-08-06 17:00:00,0.16720672
2025-08-06 18:00:00,0.0751387
2025-08-06 19:00:00,0.034368306
2025-08-06 20:00:00,0.07636821
2025-08-06 21:00:00,0.19999482
2025-08-06 22:00:00,0.36149523
2025-08-06 23:00:00,0.5355712
2025-08-07 00:00:00,0.6875119
2025-08-07 01:00:00,0.79384184
2025-08-07 02:00:00,0.81821036
2025-08-07 03:00:00,0.75119907
2025-08-07 04:00:00,0.6264637
2025-08-07 05:00:00,0.47572827
2025-08-07 06:00:00,0.32918766
2025-08-07 07:00:00,0.21081784
2025-08-07 08:00:00,0.1595707
2025-08-07 09:00:00,0.19270098
2025-08-07 10:00:00,0.2854618
2025-08-07 11:00:00,0.40385598
2025-08-07 12:00:00,0.52105755
2025-08-07 13:00:00,0.5970548
2025-08-07 14:00:00,0.6075391
2025-08-07 15:00:00,0.53718054
2025-08-07 16:00:00,0.407052
2025-08-07 17:00:00,0.24337658
2025-08-07 18:00:00,0.10815669
2025-08-07 19:00:00,0.01662645
2025-08-07 20:00:00,-0.003779209
2025-08-07 21:00:00,0.076090574
2025-08-07 22:00:00,0.24061425
2025-08-07 23:00:00,0.4425324
2025-08-08 00:00:00,0.64001644
2025-08-08 01:00:00,0.803509
2025-08-08 02:00:00,0.89101774
2025-08-08 03:00:00,0.86609703
2025-08-08 04:00:00,0.75394315
2025-08-08 05:00:00,0.5748192
2025-08-08 06:00:00,0.3903995
2025-08-08 07:00:00,0.22362868
2025-08-08 08:00:00,0.114834055
2025-08-08 09:00:00,0.095038764
2025-08-08 10:00:00,0.1728135
2025-08-08 11:00:00,0.31181917
2025-08-08 12:00:00,0.47260225
2025-08-08 13:00:00,0.6062116
2025-08-08 14:00:00,0.68194354
2025-08-08 15:00:00,0.68715674
2025-08-08 16:00:00,0.6265737
2025-08-08 17:00:00,0.5088241
2025-08-08 18:00:00,0.35705832
2025-08-08 19:00:00,0.21124737
2025-08-08 20:00:00,0.13364965
2025-08-08 21:00:00,0.13867116
2025-08-08 22:00:00,0.24229039
2025-08-08 23:00:00,0.44274005
2025-08-09 00:00:00,0.68757486
2025-08-09 01:00:00,0.8976029
2025-08-09 02:00:00,1.0406687
2025-08-09 03:00:00,1.0967082
2025-08-09 04:00:00,1.0360248
2025-08-09 05:00:00,0.86173093
2025-08-09 06:00:00,0.6412902
2025-08-09 07:00:00,0.4255285
2025-08-09 08:00:00,0.24873881
2025-08-09 09:00:00,0.14951949
2025-08-09 10:00:00,0.17629449
2025-08-09 11:00:00,0.27512994
2025-08-09 12:00:00,0.45480633
2025-08-09 13:00:00,0.6252838
2025-08-09 14:00:00,0.7573441
2025-08-09 15:00:00,0.80591244
2025-08-09 16:00:00,0.75135046
2025-08-09 17:00:00,0.5974895
2025-08-09 18:00:00,0.38779467
2025-08-09 19:00:00,0.19020244
2025-08-09 20:00:00,0.039417688
2025-08-09 21:00:00,-0.032692805
2025-08-09 22:00:00,0.01566971
2025-08-09 23:00:00,0.1791459
2025-08-10 00:00:00,0.41703418
2025-08-10 01:00:00,0.6703924
2025-08-10 02:00:00,0.87950104
2025-08-10 03:00:00,0.9941825
2025-08-10 04:00:00,0.9950791
2025-08-10 05:00:00,0.8605229
2025-08-10 06:00:00,0.6356677
2025-08-10 07:00:00,0.3932916
2025-08-10 08:00:00,0.17427252
2025-08-10 09:00:00,0.026453098
2025-08-10 10:00:00,-0.025099117
2025-08-10 11:00:00,0.05547283
2025-08-10 12:00:00,0.22971804
2025-08-10 13:00:00,0.44602105
2025-08-10 14:00:00,0.63992095
2025-08-10 15:00:00,0.7716416
2025-08-10 16:00:00,0.7896284
2025-08-10 17:00:00,0.69149256
2025-08-10 18:00:00,0.49826136
2025-08-10 19:00:00,0.274549
2025-08-10 20:00:00,0.073161826
2025-08-10 21:00:00,-0.062088296
2025-08-10 22:00:00,-0.090855874
2025-08-10 23:00:00,0.0018275012
2025-08-11 00:00:00,0.20649694
2025-08-11 01:00:00,0.4694829
2025-08-11 02:00:00,0.7263834
2025-08-11 03:00:00,0.9035425
2025-08-11 04:00:00,0.976792
2025-08-11 05:00:00,0.9129052
2025-08-11 06:00:00,0.7321728
2025-08-11 07:00:00,0.47912252
2025-08-11 08:00:00,0.22586599
2025-08-11 09:00:00,0.017460098
2025-08-11 10:00:00,-0.10156659
2025-08-11 11:00:00,-0.094120845
2025-08-11 12:00:00,0.03987911
2025-08-11 13:00:00,0.261576
2025-08-11 14:00:00,0.49338526
2025-08-11 15:00:00,0.6831381
2025-08-11 16:00:00,0.7841781
2025-08-11 17:00:00,0.7577946
2025-08-11 18:00:00,0.62599784
2025-08-11 19:00:00,0.41195557
2025-08-11 20:00:00,0.18143626
2025-08-11 21:00:00,-0.00483396
2025-08-11 22:00:00,-0.10749794
2025-08-11 23:00:00,-0.10383071
2025-08-12 00:00:00,0.041475557
2025-08-12 01:00:00,0.2755812
2025-08-12 02:00:00,0.5450018
2025-08-12 03:00:00,0.7729058
2025-08-12 04:00:00,0.9139112
2025-08-12 05:00:00,0.9292827
2025-08-12 06:00:00,0.8101304
